1,walk,8,0001024,13.209
1,walk,8,0001136,13.305
1,walk,8,0001260,13.149
1,walk,8,0001398,13.248
1,walk,8,0001552,13.290
1,walk,8,0001722,13.136
1,walk,8,0001910,13.119
1,walk,8,0002120,13.222
1,walk,8,0002352,13.344
1,walk,8,0002610,13.131
1,walk,8,0002896,13.113
1,walk,8,0003213,17.768
1,walk,8,0003565,13.102
1,walk,8,0003956,13.110
1,walk,8,0004389,14.510
1,walk,8,0004870,13.128
1,walk,8,0005404,13.318
1,walk,8,0005996,13.101
1,walk,8,0006653,13.110
1,walk,8,0007383,13.089
1,walk,8,0008192,13.523
1,walk,8,0009089,13.229
1,walk,8,0010085,13.113
1,walk,8,0011190,13.361
1,walk,8,0012416,13.104
1,walk,8,0013777,13.171
1,walk,8,0015286,13.101
1,walk,8,0016961,13.101
1,walk,8,0018820,13.109
1,walk,8,0020882,13.191
1,walk,8,0023170,13.107
1,walk,8,0025709,13.664
1,walk,8,0028526,13.168
1,walk,8,0031651,13.251
1,walk,8,0035119,13.297
1,walk,8,0038967,13.399
1,walk,8,0043237,13.721
1,walk,8,0047975,13.485
1,walk,8,0053231,13.442
1,walk,8,0059064,13.271
1,walk,8,0065536,13.280
1,walk,8,0072716,13.385
1,walk,8,0080684,13.300
1,walk,8,0089524,13.285
1,walk,8,0099334,13.352
1,walk,8,0110217,13.239
1,walk,8,0122294,13.288
1,walk,8,0135694,13.264
1,walk,8,0150562,13.277
1,walk,8,0167059,13.236
1,walk,8,0185363,13.241
1,walk,8,0205674,13.248
1,walk,8,0228209,13.236
1,walk,8,0253214,13.276
1,walk,8,0280958,11.100
1,walk,8,0311743,11.149
1,walk,8,0345901,11.019
1,walk,8,0383801,11.237
1,walk,8,0425854,11.144
1,walk,8,0472514,11.210
1,walk,8,0524288,11.371
1,walk,16,0001024,11.246
1,walk,16,0001136,11.137
1,walk,16,0001260,11.148
1,walk,16,0001398,10.972
1,walk,16,0001552,10.934
1,walk,16,0001722,10.970
1,walk,16,0001910,10.908
1,walk,16,0002120,10.950
1,walk,16,0002352,10.968
1,walk,16,0002610,10.940
1,walk,16,0002896,12.235
1,walk,16,0003213,10.932
1,walk,16,0003565,10.963
1,walk,16,0003956,10.916
1,walk,16,0004389,10.907
1,walk,16,0004870,10.897
1,walk,16,0005404,10.898
1,walk,16,0005996,10.973
1,walk,16,0006653,10.900
1,walk,16,0007383,10.896
1,walk,16,0008192,10.983
1,walk,16,0009089,10.889
1,walk,16,0010085,10.892
1,walk,16,0011190,10.927
1,walk,16,0012416,11.210
1,walk,16,0013777,10.933
1,walk,16,0015286,10.943
1,walk,16,0016961,10.904
1,walk,16,0018820,10.907
1,walk,16,0020882,11.268
1,walk,16,0023170,10.950
1,walk,16,0025709,10.934
1,walk,16,0028526,10.981
1,walk,16,0031651,11.059
1,walk,16,0035119,11.291
1,walk,16,0038967,11.321
1,walk,16,0043237,11.419
1,walk,16,0047975,11.336
1,walk,16,0053231,11.371
1,walk,16,0059064,11.373
1,walk,16,0065536,11.190
1,walk,16,0072716,11.227
1,walk,16,0080684,11.192
1,walk,16,0089524,11.206
1,walk,16,0099334,11.271
1,walk,16,0110217,11.165
1,walk,16,0122294,11.268
1,walk,16,0135694,11.272
1,walk,16,0150562,11.121
1,walk,16,0167059,11.140
1,walk,16,0185363,11.192
1,walk,16,0205674,11.123
1,walk,16,0228209,11.141
1,walk,16,0253214,11.255
1,walk,16,0280958,11.187
1,walk,16,0311743,11.157
1,walk,16,0345901,11.200
1,walk,16,0383801,11.246
1,walk,16,0425854,11.398
1,walk,16,0472514,11.798
1,walk,16,0524288,11.718
1,walk,32,0001024,11.088
1,walk,32,0001136,11.031
1,walk,32,0001260,11.016
1,walk,32,0001398,11.054
1,walk,32,0001552,10.961
1,walk,32,0001722,10.991
1,walk,32,0001910,10.951
1,walk,32,0002120,11.164
1,walk,32,0002352,10.895
1,walk,32,0002610,11.005
1,walk,32,0002896,10.935
1,walk,32,0003213,11.026
1,walk,32,0003565,11.026
1,walk,32,0003956,10.908
1,walk,32,0004389,10.902
1,walk,32,0004870,10.949
1,walk,32,0005404,10.963
1,walk,32,0005996,10.894
1,walk,32,0006653,10.914
1,walk,32,0007383,10.891
1,walk,32,0008192,10.888
1,walk,32,0009089,10.903
1,walk,32,0010085,10.946
1,walk,32,0011190,10.910
1,walk,32,0012416,10.910
1,walk,32,0013777,10.922
1,walk,32,0015286,11.248
1,walk,32,0016961,10.895
1,walk,32,0018820,10.947
1,walk,32,0020882,10.938
1,walk,32,0023170,10.914
1,walk,32,0025709,10.952
1,walk,32,0028526,11.236
1,walk,32,0031651,11.474
1,walk,32,0035119,11.316
1,walk,32,0038967,11.773
1,walk,32,0043237,12.005
1,walk,32,0047975,11.778
1,walk,32,0053231,11.689
1,walk,32,0059064,11.711
1,walk,32,0065536,11.584
1,walk,32,0072716,11.556
1,walk,32,0080684,11.541
1,walk,32,0089524,11.459
1,walk,32,0099334,11.473
1,walk,32,0110217,11.523
1,walk,32,0122294,11.636
1,walk,32,0135694,11.457
1,walk,32,0150562,11.365
1,walk,32,0167059,11.403
1,walk,32,0185363,11.400
1,walk,32,0205674,11.339
1,walk,32,0228209,11.411
1,walk,32,0253214,11.390
1,walk,32,0280958,11.341
1,walk,32,0311743,11.362
1,walk,32,0345901,11.406
1,walk,32,0383801,11.416
1,walk,32,0425854,11.424
1,walk,32,0472514,12.087
1,walk,32,0524288,12.377
1,walk,64,0001024,10.961
1,walk,64,0001136,11.678
1,walk,64,0001260,11.086
1,walk,64,0001398,10.972
1,walk,64,0001552,11.135
1,walk,64,0001722,10.943
1,walk,64,0001910,10.918
1,walk,64,0002120,11.053
1,walk,64,0002352,10.899
1,walk,64,0002610,10.936
1,walk,64,0002896,10.897
1,walk,64,0003213,11.031
1,walk,64,0003565,10.978
1,walk,64,0003956,10.943
1,walk,64,0004389,10.941
1,walk,64,0004870,10.960
1,walk,64,0005404,10.917
1,walk,64,0005996,10.960
1,walk,64,0006653,11.643
1,walk,64,0007383,10.956
1,walk,64,0008192,12.102
1,walk,64,0009089,10.917
1,walk,64,0010085,10.982
1,walk,64,0011190,10.901
1,walk,64,0012416,10.899
1,walk,64,0013777,10.904
1,walk,64,0015286,10.911
1,walk,64,0016961,11.162
1,walk,64,0018820,10.968
1,walk,64,0020882,10.935
1,walk,64,0023170,10.961
1,walk,64,0025709,10.930
1,walk,64,0028526,11.034
1,walk,64,0031651,11.300
1,walk,64,0035119,11.795
1,walk,64,0038967,12.611
1,walk,64,0043237,12.782
1,walk,64,0047975,12.956
1,walk,64,0053231,12.637
1,walk,64,0059064,12.662
1,walk,64,0065536,12.516
1,walk,64,0072716,12.542
1,walk,64,0080684,12.443
1,walk,64,0089524,12.491
1,walk,64,0099334,12.489
1,walk,64,0110217,12.554
1,walk,64,0122294,12.408
1,walk,64,0135694,12.350
1,walk,64,0150562,12.176
1,walk,64,0167059,12.307
1,walk,64,0185363,12.195
1,walk,64,0205674,12.213
1,walk,64,0228209,12.296
1,walk,64,0253214,12.171
1,walk,64,0280958,12.208
1,walk,64,0311743,12.220
1,walk,64,0345901,12.123
1,walk,64,0383801,12.477
1,walk,64,0425854,12.249
1,walk,64,0472514,13.223
1,walk,64,0524288,15.041
1,inc,8,0001024,19.506
1,inc,8,0001136,19.394
1,inc,8,0001260,23.892
1,inc,8,0001398,19.578
1,inc,8,0001552,19.273
1,inc,8,0001722,19.294
1,inc,8,0001910,19.334
1,inc,8,0002120,19.281
1,inc,8,0002352,19.290
1,inc,8,0002610,19.401
1,inc,8,0002896,19.253
1,inc,8,0003213,19.271
1,inc,8,0003565,19.413
1,inc,8,0003956,19.356
1,inc,8,0004389,19.316
1,inc,8,0004870,19.349
1,inc,8,0005404,19.317
1,inc,8,0005996,19.312
1,inc,8,0006653,19.276
1,inc,8,0007383,19.825
1,inc,8,0008192,19.281
1,inc,8,0009089,19.283
1,inc,8,0010085,19.262
1,inc,8,0011190,19.710
1,inc,8,0012416,19.280
1,inc,8,0013777,19.313
1,inc,8,0015286,19.304
1,inc,8,0016961,19.616
1,inc,8,0018820,19.278
1,inc,8,0020882,19.568
1,inc,8,0023170,19.633
1,inc,8,0025709,19.337
1,inc,8,0028526,19.336
1,inc,8,0031651,19.542
1,inc,8,0035119,19.510
1,inc,8,0038967,19.548
1,inc,8,0043237,19.555
1,inc,8,0047975,19.543
1,inc,8,0053231,19.536
1,inc,8,0059064,19.492
1,inc,8,0065536,19.736
1,inc,8,0072716,19.580
1,inc,8,0080684,19.429
1,inc,8,0089524,19.431
1,inc,8,0099334,19.422
1,inc,8,0110217,19.409
1,inc,8,0122294,19.402
1,inc,8,0135694,19.410
1,inc,8,0150562,19.406
1,inc,8,0167059,19.393
1,inc,8,0185363,19.410
1,inc,8,0205674,19.385
1,inc,8,0228209,19.424
1,inc,8,0253214,19.491
1,inc,8,0280958,19.420
1,inc,8,0311743,19.435
1,inc,8,0345901,19.422
1,inc,8,0383801,19.402
1,inc,8,0425854,19.409
1,inc,8,0472514,19.515
1,inc,8,0524288,19.541
1,inc,16,0001024,19.450
1,inc,16,0001136,19.352
1,inc,16,0001260,19.391
1,inc,16,0001398,19.269
1,inc,16,0001552,19.431
1,inc,16,0001722,21.853
1,inc,16,0001910,19.451
1,inc,16,0002120,19.546
1,inc,16,0002352,19.283
1,inc,16,0002610,19.283
1,inc,16,0002896,19.294
1,inc,16,0003213,19.446
1,inc,16,0003565,20.587
1,inc,16,0003956,19.263
1,inc,16,0004389,19.267
1,inc,16,0004870,19.342
1,inc,16,0005404,19.326
1,inc,16,0005996,19.269
1,inc,16,0006653,19.311
1,inc,16,0007383,19.261
1,inc,16,0008192,19.256
1,inc,16,0009089,19.359
1,inc,16,0010085,19.291
1,inc,16,0011190,19.258
1,inc,16,0012416,19.335
1,inc,16,0013777,19.294
1,inc,16,0015286,19.630
1,inc,16,0016961,19.605
1,inc,16,0018820,19.293
1,inc,16,0020882,19.316
1,inc,16,0023170,19.282
1,inc,16,0025709,19.468
1,inc,16,0028526,19.484
1,inc,16,0031651,19.595
1,inc,16,0035119,19.551
1,inc,16,0038967,19.719
1,inc,16,0043237,19.780
1,inc,16,0047975,19.730
1,inc,16,0053231,19.774
1,inc,16,0059064,19.619
1,inc,16,0065536,19.683
1,inc,16,0072716,19.710
1,inc,16,0080684,19.635
1,inc,16,0089524,19.570
1,inc,16,0099334,19.588
1,inc,16,0110217,19.522
1,inc,16,0122294,19.530
1,inc,16,0135694,19.501
1,inc,16,0150562,19.515
1,inc,16,0167059,19.529
1,inc,16,0185363,19.463
1,inc,16,0205674,19.529
1,inc,16,0228209,19.511
1,inc,16,0253214,19.544
1,inc,16,0280958,19.520
1,inc,16,0311743,19.527
1,inc,16,0345901,19.534
1,inc,16,0383801,19.501
1,inc,16,0425854,19.486
1,inc,16,0472514,19.529
1,inc,16,0524288,19.690
1,inc,32,0001024,19.628
1,inc,32,0001136,19.352
1,inc,32,0001260,19.655
1,inc,32,0001398,19.231
1,inc,32,0001552,19.491
1,inc,32,0001722,19.321
1,inc,32,0001910,19.353
1,inc,32,0002120,19.433
1,inc,32,0002352,19.297
1,inc,32,0002610,19.329
1,inc,32,0002896,21.105
1,inc,32,0003213,19.298
1,inc,32,0003565,19.456
1,inc,32,0003956,19.277
1,inc,32,0004389,19.361
1,inc,32,0004870,19.314
1,inc,32,0005404,19.279
1,inc,32,0005996,19.384
1,inc,32,0006653,19.962
1,inc,32,0007383,19.264
1,inc,32,0008192,19.255
1,inc,32,0009089,19.270
1,inc,32,0010085,19.278
1,inc,32,0011190,19.378
1,inc,32,0012416,19.258
1,inc,32,0013777,19.279
1,inc,32,0015286,19.277
1,inc,32,0016961,19.359
1,inc,32,0018820,19.296
1,inc,32,0020882,19.539
1,inc,32,0023170,19.592
1,inc,32,0025709,19.316
1,inc,32,0028526,19.456
1,inc,32,0031651,19.725
1,inc,32,0035119,19.739
1,inc,32,0038967,20.134
1,inc,32,0043237,20.157
1,inc,32,0047975,20.162
1,inc,32,0053231,20.097
1,inc,32,0059064,19.999
1,inc,32,0065536,19.855
1,inc,32,0072716,20.174
1,inc,32,0080684,19.970
1,inc,32,0089524,19.759
1,inc,32,0099334,19.795
1,inc,32,0110217,19.758
1,inc,32,0122294,19.759
1,inc,32,0135694,19.717
1,inc,32,0150562,19.748
1,inc,32,0167059,19.703
1,inc,32,0185363,19.688
1,inc,32,0205674,19.706
1,inc,32,0228209,19.700
1,inc,32,0253214,19.699
1,inc,32,0280958,19.756
1,inc,32,0311743,19.684
1,inc,32,0345901,19.670
1,inc,32,0383801,19.648
1,inc,32,0425854,19.653
1,inc,32,0472514,19.753
1,inc,32,0524288,20.019
1,inc,64,0001024,19.974
1,inc,64,0001136,19.587
1,inc,64,0001260,19.593
1,inc,64,0001398,19.351
1,inc,64,0001552,19.575
1,inc,64,0001722,19.560
1,inc,64,0001910,19.298
1,inc,64,0002120,19.327
1,inc,64,0002352,19.336
1,inc,64,0002610,19.303
1,inc,64,0002896,19.551
1,inc,64,0003213,19.293
1,inc,64,0003565,19.288
1,inc,64,0003956,19.308
1,inc,64,0004389,19.256
1,inc,64,0004870,21.532
1,inc,64,0005404,19.275
1,inc,64,0005996,19.267
1,inc,64,0006653,19.257
1,inc,64,0007383,19.268
1,inc,64,0008192,19.255
1,inc,64,0009089,19.260
1,inc,64,0010085,19.766
1,inc,64,0011190,19.255
1,inc,64,0012416,19.256
1,inc,64,0013777,19.259
1,inc,64,0015286,19.280
1,inc,64,0016961,19.529
1,inc,64,0018820,19.554
1,inc,64,0020882,19.381
1,inc,64,0023170,19.580
1,inc,64,0025709,19.353
1,inc,64,0028526,19.475
1,inc,64,0031651,19.867
1,inc,64,0035119,20.325
1,inc,64,0038967,20.811
1,inc,64,0043237,21.100
1,inc,64,0047975,21.051
1,inc,64,0053231,20.854
1,inc,64,0059064,20.780
1,inc,64,0065536,20.688
1,inc,64,0072716,20.928
1,inc,64,0080684,20.649
1,inc,64,0089524,20.461
1,inc,64,0099334,20.479
1,inc,64,0110217,20.382
1,inc,64,0122294,20.365
1,inc,64,0135694,20.360
1,inc,64,0150562,20.309
1,inc,64,0167059,20.230
1,inc,64,0185363,20.329
1,inc,64,0205674,20.210
1,inc,64,0228209,20.241
1,inc,64,0253214,20.220
1,inc,64,0280958,20.204
1,inc,64,0311743,20.189
1,inc,64,0345901,20.192
1,inc,64,0383801,20.195
1,inc,64,0425854,20.089
1,inc,64,0472514,20.241
1,inc,64,0524288,20.564
1,addnext,8,0001024,25.548
1,addnext,8,0001136,28.944
1,addnext,8,0001260,25.145
1,addnext,8,0001398,25.244
1,addnext,8,0001552,25.129
1,addnext,8,0001722,25.089
1,addnext,8,0001910,25.183
1,addnext,8,0002120,25.172
1,addnext,8,0002352,25.389
1,addnext,8,0002610,25.353
1,addnext,8,0002896,25.128
1,addnext,8,0003213,25.136
1,addnext,8,0003565,25.161
1,addnext,8,0003956,25.143
1,addnext,8,0004389,25.282
1,addnext,8,0004870,26.039
1,addnext,8,0005404,25.119
1,addnext,8,0005996,25.253
1,addnext,8,0006653,25.115
1,addnext,8,0007383,25.106
1,addnext,8,0008192,25.662
1,addnext,8,0009089,25.103
1,addnext,8,0010085,25.143
1,addnext,8,0011190,25.104
1,addnext,8,0012416,25.523
1,addnext,8,0013777,25.200
1,addnext,8,0015286,25.492
1,addnext,8,0016961,25.143
1,addnext,8,0018820,25.297
1,addnext,8,0020882,25.163
1,addnext,8,0023170,25.335
1,addnext,8,0025709,25.361
1,addnext,8,0028526,25.225
1,addnext,8,0031651,25.320
1,addnext,8,0035119,25.356
1,addnext,8,0038967,25.392
1,addnext,8,0043237,25.460
1,addnext,8,0047975,25.391
1,addnext,8,0053231,25.446
1,addnext,8,0059064,25.432
1,addnext,8,0065536,25.357
1,addnext,8,0072716,25.326
1,addnext,8,0080684,25.362
1,addnext,8,0089524,25.277
1,addnext,8,0099334,25.292
1,addnext,8,0110217,25.277
1,addnext,8,0122294,25.273
1,addnext,8,0135694,25.294
1,addnext,8,0150562,25.262
1,addnext,8,0167059,25.260
1,addnext,8,0185363,25.268
1,addnext,8,0205674,25.330
1,addnext,8,0228209,25.304
1,addnext,8,0253214,25.287
1,addnext,8,0280958,25.286
1,addnext,8,0311743,25.296
1,addnext,8,0345901,25.280
1,addnext,8,0383801,25.273
1,addnext,8,0425854,25.300
1,addnext,8,0472514,25.321
1,addnext,8,0524288,25.413
1,addnext,16,0001024,25.650
1,addnext,16,0001136,25.363
1,addnext,16,0001260,25.228
1,addnext,16,0001398,25.390
1,addnext,16,0001552,25.270
1,addnext,16,0001722,25.192
1,addnext,16,0001910,25.270
1,addnext,16,0002120,25.209
1,addnext,16,0002352,25.158
1,addnext,16,0002610,25.150
1,addnext,16,0002896,25.126
1,addnext,16,0003213,25.126
1,addnext,16,0003565,25.113
1,addnext,16,0003956,25.111
1,addnext,16,0004389,25.149
1,addnext,16,0004870,25.123
1,addnext,16,0005404,26.007
1,addnext,16,0005996,25.120
1,addnext,16,0006653,25.131
1,addnext,16,0007383,25.533
1,addnext,16,0008192,25.164
1,addnext,16,0009089,25.279
1,addnext,16,0010085,25.260
1,addnext,16,0011190,25.111
1,addnext,16,0012416,25.544
1,addnext,16,0013777,25.148
1,addnext,16,0015286,25.468
1,addnext,16,0016961,25.114
1,addnext,16,0018820,25.202
1,addnext,16,0020882,25.142
1,addnext,16,0023170,25.598
1,addnext,16,0025709,25.335
1,addnext,16,0028526,25.191
1,addnext,16,0031651,25.372
1,addnext,16,0035119,25.459
1,addnext,16,0038967,25.635
1,addnext,16,0043237,25.632
1,addnext,16,0047975,25.662
1,addnext,16,0053231,25.672
1,addnext,16,0059064,25.600
1,addnext,16,0065536,25.725
1,addnext,16,0072716,25.467
1,addnext,16,0080684,25.447
1,addnext,16,0089524,25.410
1,addnext,16,0099334,25.420
1,addnext,16,0110217,25.426
1,addnext,16,0122294,25.360
1,addnext,16,0135694,25.396
1,addnext,16,0150562,25.390
1,addnext,16,0167059,25.422
1,addnext,16,0185363,25.372
1,addnext,16,0205674,25.375
1,addnext,16,0228209,25.384
1,addnext,16,0253214,25.399
1,addnext,16,0280958,25.393
1,addnext,16,0311743,25.407
1,addnext,16,0345901,25.399
1,addnext,16,0383801,25.370
1,addnext,16,0425854,25.402
1,addnext,16,0472514,25.418
1,addnext,16,0524288,25.617
1,addnext,32,0001024,25.665
1,addnext,32,0001136,25.308
1,addnext,32,0001260,25.508
1,addnext,32,0001398,25.446
1,addnext,32,0001552,25.223
1,addnext,32,0001722,25.216
1,addnext,32,0001910,25.327
1,addnext,32,0002120,25.351
1,addnext,32,0002352,25.141
1,addnext,32,0002610,25.192
1,addnext,32,0002896,25.240
1,addnext,32,0003213,25.286
1,addnext,32,0003565,26.601
1,addnext,32,0003956,25.119
1,addnext,32,0004389,25.107
1,addnext,32,0004870,25.177
1,addnext,32,0005404,25.137
1,addnext,32,0005996,25.117
1,addnext,32,0006653,25.124
1,addnext,32,0007383,25.111
1,addnext,32,0008192,25.173
1,addnext,32,0009089,25.609
1,addnext,32,0010085,25.118
1,addnext,32,0011190,25.622
1,addnext,32,0012416,25.142
1,addnext,32,0013777,25.127
1,addnext,32,0015286,25.880
1,addnext,32,0016961,25.161
1,addnext,32,0018820,25.139
1,addnext,32,0020882,25.415
1,addnext,32,0023170,25.430
1,addnext,32,0025709,25.171
1,addnext,32,0028526,25.294
1,addnext,32,0031651,25.566
1,addnext,32,0035119,25.611
1,addnext,32,0038967,26.051
1,addnext,32,0043237,26.069
1,addnext,32,0047975,26.057
1,addnext,32,0053231,26.024
1,addnext,32,0059064,26.066
1,addnext,32,0065536,25.867
1,addnext,32,0072716,25.795
1,addnext,32,0080684,25.746
1,addnext,32,0089524,25.722
1,addnext,32,0099334,25.648
1,addnext,32,0110217,25.824
1,addnext,32,0122294,25.617
1,addnext,32,0135694,25.646
1,addnext,32,0150562,25.754
1,addnext,32,0167059,25.644
1,addnext,32,0185363,25.595
1,addnext,32,0205674,25.586
1,addnext,32,0228209,25.651
1,addnext,32,0253214,25.621
1,addnext,32,0280958,25.603
1,addnext,32,0311743,25.601
1,addnext,32,0345901,25.596
1,addnext,32,0383801,25.669
1,addnext,32,0425854,25.543
1,addnext,32,0472514,25.646
1,addnext,32,0524288,25.941
1,addnext,64,0001024,25.426
1,addnext,64,0001136,25.583
1,addnext,64,0001260,25.368
1,addnext,64,0001398,25.241
1,addnext,64,0001552,25.485
1,addnext,64,0001722,25.534
1,addnext,64,0001910,25.401
1,addnext,64,0002120,25.283
1,addnext,64,0002352,25.225
1,addnext,64,0002610,25.124
1,addnext,64,0002896,25.162
1,addnext,64,0003213,25.139
1,addnext,64,0003565,26.975
1,addnext,64,0003956,25.093
1,addnext,64,0004389,25.117
1,addnext,64,0004870,25.214
1,addnext,64,0005404,25.821
1,addnext,64,0005996,25.124
1,addnext,64,0006653,25.131
1,addnext,64,0007383,25.159
1,addnext,64,0008192,25.117
1,addnext,64,0009089,25.109
1,addnext,64,0010085,25.652
1,addnext,64,0011190,25.124
1,addnext,64,0012416,25.462
1,addnext,64,0013777,25.124
1,addnext,64,0015286,25.548
1,addnext,64,0016961,25.184
1,addnext,64,0018820,25.141
1,addnext,64,0020882,25.210
1,addnext,64,0023170,25.399
1,addnext,64,0025709,25.412
1,addnext,64,0028526,25.317
1,addnext,64,0031651,25.681
1,addnext,64,0035119,26.053
1,addnext,64,0038967,26.724
1,addnext,64,0043237,26.989
1,addnext,64,0047975,26.942
1,addnext,64,0053231,26.929
1,addnext,64,0059064,26.973
1,addnext,64,0065536,26.567
1,addnext,64,0072716,26.489
1,addnext,64,0080684,26.415
1,addnext,64,0089524,26.373
1,addnext,64,0099334,26.288
1,addnext,64,0110217,26.319
1,addnext,64,0122294,26.254
1,addnext,64,0135694,26.186
1,addnext,64,0150562,26.262
1,addnext,64,0167059,26.072
1,addnext,64,0185363,26.111
1,addnext,64,0205674,26.063
1,addnext,64,0228209,26.111
1,addnext,64,0253214,26.052
1,addnext,64,0280958,26.076
1,addnext,64,0311743,26.104
1,addnext,64,0345901,26.011
1,addnext,64,0383801,26.006
1,addnext,64,0425854,25.936
1,addnext,64,0472514,26.098
1,addnext,64,0524288,26.887
0,walk,8,0001024,11.002
0,walk,8,0001136,11.036
0,walk,8,0001260,10.904
0,walk,8,0001398,10.961
0,walk,8,0001552,10.927
0,walk,8,0001722,10.885
0,walk,8,0001910,10.905
0,walk,8,0002120,10.930
0,walk,8,0002352,10.873
0,walk,8,0002610,10.874
0,walk,8,0002896,10.951
0,walk,8,0003213,10.895
0,walk,8,0003565,10.874
0,walk,8,0003956,10.868
0,walk,8,0004389,10.928
0,walk,8,0004870,10.985
0,walk,8,0005404,10.897
0,walk,8,0005996,10.901
0,walk,8,0006653,10.909
0,walk,8,0007383,10.901
0,walk,8,0008192,10.895
0,walk,8,0009089,10.901
0,walk,8,0010085,10.927
0,walk,8,0011190,10.922
0,walk,8,0012416,11.139
0,walk,8,0013777,10.923
0,walk,8,0015286,10.905
0,walk,8,0016961,10.907
0,walk,8,0018820,10.908
0,walk,8,0020882,10.940
0,walk,8,0023170,10.966
0,walk,8,0025709,10.945
0,walk,8,0028526,11.603
0,walk,8,0031651,11.814
0,walk,8,0035119,11.940
0,walk,8,0038967,13.113
0,walk,8,0043237,14.267
0,walk,8,0047975,15.148
0,walk,8,0053231,16.095
0,walk,8,0059064,16.855
0,walk,8,0065536,17.570
0,walk,8,0072716,18.173
0,walk,8,0080684,18.798
0,walk,8,0089524,19.419
0,walk,8,0099334,19.802
0,walk,8,0110217,20.274
0,walk,8,0122294,20.612
0,walk,8,0135694,20.977
0,walk,8,0150562,21.376
0,walk,8,0167059,21.641
0,walk,8,0185363,21.903
0,walk,8,0205674,22.128
0,walk,8,0228209,22.392
0,walk,8,0253214,22.528
0,walk,8,0280958,22.846
0,walk,8,0311743,23.006
0,walk,8,0345901,23.576
0,walk,8,0383801,23.810
0,walk,8,0425854,24.712
0,walk,8,0472514,25.399
0,walk,8,0524288,29.638
0,walk,16,0001024,11.119
0,walk,16,0001136,11.031
0,walk,16,0001260,10.946
0,walk,16,0001398,10.934
0,walk,16,0001552,10.897
0,walk,16,0001722,10.916
0,walk,16,0001910,10.908
0,walk,16,0002120,10.928
0,walk,16,0002352,11.026
0,walk,16,0002610,10.896
0,walk,16,0002896,10.904
0,walk,16,0003213,10.895
0,walk,16,0003565,10.892
0,walk,16,0003956,12.133
0,walk,16,0004389,12.218
0,walk,16,0004870,10.901
0,walk,16,0005404,10.902
0,walk,16,0005996,10.894
0,walk,16,0006653,10.943
0,walk,16,0007383,10.895
0,walk,16,0008192,10.892
0,walk,16,0009089,11.417
0,walk,16,0010085,10.900
0,walk,16,0011190,10.897
0,walk,16,0012416,10.904
0,walk,16,0013777,10.896
0,walk,16,0015286,11.849
0,walk,16,0016961,10.941
0,walk,16,0018820,10.919
0,walk,16,0020882,11.165
0,walk,16,0023170,10.953
0,walk,16,0025709,10.992
0,walk,16,0028526,11.028
0,walk,16,0031651,11.604
0,walk,16,0035119,11.968
0,walk,16,0038967,13.305
0,walk,16,0043237,14.357
0,walk,16,0047975,15.865
0,walk,16,0053231,16.494
0,walk,16,0059064,17.135
0,walk,16,0065536,17.992
0,walk,16,0072716,18.585
0,walk,16,0080684,19.212
0,walk,16,0089524,19.694
0,walk,16,0099334,20.109
0,walk,16,0110217,20.524
0,walk,16,0122294,20.930
0,walk,16,0135694,21.266
0,walk,16,0150562,21.566
0,walk,16,0167059,21.833
0,walk,16,0185363,22.103
0,walk,16,0205674,22.296
0,walk,16,0228209,22.538
0,walk,16,0253214,22.722
0,walk,16,0280958,22.880
0,walk,16,0311743,23.115
0,walk,16,0345901,23.187
0,walk,16,0383801,23.387
0,walk,16,0425854,23.557
0,walk,16,0472514,24.129
0,walk,16,0524288,29.024
0,walk,32,0001024,11.429
0,walk,32,0001136,10.944
0,walk,32,0001260,10.917
0,walk,32,0001398,10.957
0,walk,32,0001552,10.981
0,walk,32,0001722,10.970
0,walk,32,0001910,10.913
0,walk,32,0002120,10.942
0,walk,32,0002352,10.944
0,walk,32,0002610,10.896
0,walk,32,0002896,10.924
0,walk,32,0003213,10.916
0,walk,32,0003565,10.880
0,walk,32,0003956,10.888
0,walk,32,0004389,10.897
0,walk,32,0004870,10.904
0,walk,32,0005404,10.965
0,walk,32,0005996,10.923
0,walk,32,0006653,10.898
0,walk,32,0007383,10.987
0,walk,32,0008192,11.388
0,walk,32,0009089,10.896
0,walk,32,0010085,10.918
0,walk,32,0011190,10.905
0,walk,32,0012416,11.340
0,walk,32,0013777,10.915
0,walk,32,0015286,10.936
0,walk,32,0016961,11.204
0,walk,32,0018820,10.916
0,walk,32,0020882,10.922
0,walk,32,0023170,10.990
0,walk,32,0025709,11.029
0,walk,32,0028526,11.703
0,walk,32,0031651,12.137
0,walk,32,0035119,12.151
0,walk,32,0038967,13.637
0,walk,32,0043237,14.842
0,walk,32,0047975,15.980
0,walk,32,0053231,17.189
0,walk,32,0059064,18.193
0,walk,32,0065536,18.783
0,walk,32,0072716,19.446
0,walk,32,0080684,19.867
0,walk,32,0089524,20.471
0,walk,32,0099334,20.736
0,walk,32,0110217,21.206
0,walk,32,0122294,21.511
0,walk,32,0135694,21.763
0,walk,32,0150562,22.056
0,walk,32,0167059,22.275
0,walk,32,0185363,22.503
0,walk,32,0205674,22.700
0,walk,32,0228209,22.902
0,walk,32,0253214,23.050
0,walk,32,0280958,23.184
0,walk,32,0311743,23.350
0,walk,32,0345901,24.878
0,walk,32,0383801,23.569
0,walk,32,0425854,23.750
0,walk,32,0472514,24.652
0,walk,32,0524288,30.630
0,walk,64,0001024,11.093
0,walk,64,0001136,10.926
0,walk,64,0001260,10.958
0,walk,64,0001398,10.972
0,walk,64,0001552,10.930
0,walk,64,0001722,10.889
0,walk,64,0001910,10.946
0,walk,64,0002120,11.001
0,walk,64,0002352,10.924
0,walk,64,0002610,10.908
0,walk,64,0002896,10.944
0,walk,64,0003213,10.890
0,walk,64,0003565,10.935
0,walk,64,0003956,10.900
0,walk,64,0004389,10.903
0,walk,64,0004870,10.915
0,walk,64,0005404,10.909
0,walk,64,0005996,10.921
0,walk,64,0006653,10.896
0,walk,64,0007383,10.925
0,walk,64,0008192,11.498
0,walk,64,0009089,10.923
0,walk,64,0010085,10.908
0,walk,64,0011190,10.916
0,walk,64,0012416,11.233
0,walk,64,0013777,10.918
0,walk,64,0015286,10.935
0,walk,64,0016961,11.230
0,walk,64,0018820,10.949
0,walk,64,0020882,10.940
0,walk,64,0023170,10.982
0,walk,64,0025709,11.041
0,walk,64,0028526,11.399
0,walk,64,0031651,11.614
0,walk,64,0035119,13.087
0,walk,64,0038967,14.339
0,walk,64,0043237,16.010
0,walk,64,0047975,17.400
0,walk,64,0053231,18.662
0,walk,64,0059064,19.588
0,walk,64,0065536,20.685
0,walk,64,0072716,21.241
0,walk,64,0080684,22.387
0,walk,64,0089524,22.093
0,walk,64,0099334,22.459
0,walk,64,0110217,22.683
0,walk,64,0122294,23.025
0,walk,64,0135694,23.136
0,walk,64,0150562,23.354
0,walk,64,0167059,23.444
0,walk,64,0185363,23.565
0,walk,64,0205674,23.676
0,walk,64,0228209,23.776
0,walk,64,0253214,23.786
0,walk,64,0280958,23.863
0,walk,64,0311743,23.945
0,walk,64,0345901,24.059
0,walk,64,0383801,24.109
0,walk,64,0425854,24.966
0,walk,64,0472514,24.742
0,walk,64,0524288,30.239
0,inc,8,0001024,19.552
0,inc,8,0001136,19.687
0,inc,8,0001260,19.374
0,inc,8,0001398,19.343
0,inc,8,0001552,19.333
0,inc,8,0001722,19.542
0,inc,8,0001910,19.293
0,inc,8,0002120,19.281
0,inc,8,0002352,19.268
0,inc,8,0002610,19.359
0,inc,8,0002896,19.287
0,inc,8,0003213,19.306
0,inc,8,0003565,19.295
0,inc,8,0003956,19.398
0,inc,8,0004389,19.261
0,inc,8,0004870,19.256
0,inc,8,0005404,19.406
0,inc,8,0005996,19.377
0,inc,8,0006653,19.252
0,inc,8,0007383,20.012
0,inc,8,0008192,19.283
0,inc,8,0009089,19.275
0,inc,8,0010085,19.321
0,inc,8,0011190,19.270
0,inc,8,0012416,19.261
0,inc,8,0013777,19.277
0,inc,8,0015286,19.264
0,inc,8,0016961,19.417
0,inc,8,0018820,19.399
0,inc,8,0020882,19.402
0,inc,8,0023170,19.411
0,inc,8,0025709,19.391
0,inc,8,0028526,19.825
0,inc,8,0031651,19.700
0,inc,8,0035119,20.371
0,inc,8,0038967,21.430
0,inc,8,0043237,22.408
0,inc,8,0047975,23.335
0,inc,8,0053231,24.157
0,inc,8,0059064,24.789
0,inc,8,0065536,25.429
0,inc,8,0072716,26.000
0,inc,8,0080684,26.503
0,inc,8,0089524,27.005
0,inc,8,0099334,27.377
0,inc,8,0110217,27.793
0,inc,8,0122294,28.120
0,inc,8,0135694,28.407
0,inc,8,0150562,28.687
0,inc,8,0167059,28.948
0,inc,8,0185363,29.129
0,inc,8,0205674,29.338
0,inc,8,0228209,29.627
0,inc,8,0253214,29.677
0,inc,8,0280958,29.860
0,inc,8,0311743,30.009
0,inc,8,0345901,30.109
0,inc,8,0383801,30.355
0,inc,8,0425854,30.840
0,inc,8,0472514,31.362
0,inc,8,0524288,35.298
0,inc,16,0001024,19.486
0,inc,16,0001136,19.343
0,inc,16,0001260,19.333
0,inc,16,0001398,19.313
0,inc,16,0001552,19.364
0,inc,16,0001722,19.339
0,inc,16,0001910,19.295
0,inc,16,0002120,19.259
0,inc,16,0002352,19.290
0,inc,16,0002610,19.335
0,inc,16,0002896,19.285
0,inc,16,0003213,19.396
0,inc,16,0003565,19.372
0,inc,16,0003956,19.298
0,inc,16,0004389,19.274
0,inc,16,0004870,19.279
0,inc,16,0005404,19.316
0,inc,16,0005996,19.266
0,inc,16,0006653,19.263
0,inc,16,0007383,19.304
0,inc,16,0008192,19.253
0,inc,16,0009089,19.912
0,inc,16,0010085,19.271
0,inc,16,0011190,19.320
0,inc,16,0012416,19.265
0,inc,16,0013777,19.304
0,inc,16,0015286,19.608
0,inc,16,0016961,19.543
0,inc,16,0018820,19.289
0,inc,16,0020882,19.380
0,inc,16,0023170,19.553
0,inc,16,0025709,19.365
0,inc,16,0028526,19.391
0,inc,16,0031651,19.944
0,inc,16,0035119,20.311
0,inc,16,0038967,21.852
0,inc,16,0043237,22.997
0,inc,16,0047975,23.490
0,inc,16,0053231,24.312
0,inc,16,0059064,25.076
0,inc,16,0065536,25.719
0,inc,16,0072716,26.280
0,inc,16,0080684,26.934
0,inc,16,0089524,27.270
0,inc,16,0099334,27.701
0,inc,16,0110217,28.031
0,inc,16,0122294,28.362
0,inc,16,0135694,28.631
0,inc,16,0150562,28.977
0,inc,16,0167059,29.178
0,inc,16,0185363,29.318
0,inc,16,0205674,29.523
0,inc,16,0228209,29.699
0,inc,16,0253214,29.845
0,inc,16,0280958,29.991
0,inc,16,0311743,30.080
0,inc,16,0345901,30.258
0,inc,16,0383801,30.335
0,inc,16,0425854,30.557
0,inc,16,0472514,31.367
0,inc,16,0524288,36.927
0,inc,32,0001024,19.664
0,inc,32,0001136,19.270
0,inc,32,0001260,19.370
0,inc,32,0001398,19.343
0,inc,32,0001552,19.270
0,inc,32,0001722,19.391
0,inc,32,0001910,19.317
0,inc,32,0002120,19.315
0,inc,32,0002352,19.394
0,inc,32,0002610,19.293
0,inc,32,0002896,19.287
0,inc,32,0003213,21.022
0,inc,32,0003565,19.304
0,inc,32,0003956,19.271
0,inc,32,0004389,20.670
0,inc,32,0004870,19.271
0,inc,32,0005404,19.385
0,inc,32,0005996,19.276
0,inc,32,0006653,19.258
0,inc,32,0007383,19.274
0,inc,32,0008192,19.965
0,inc,32,0009089,19.287
0,inc,32,0010085,19.281
0,inc,32,0011190,19.278
0,inc,32,0012416,19.782
0,inc,32,0013777,19.330
0,inc,32,0015286,19.317
0,inc,32,0016961,19.301
0,inc,32,0018820,19.432
0,inc,32,0020882,19.535
0,inc,32,0023170,19.321
0,inc,32,0025709,19.462
0,inc,32,0028526,19.873
0,inc,32,0031651,20.019
0,inc,32,0035119,20.717
0,inc,32,0038967,22.045
0,inc,32,0043237,23.104
0,inc,32,0047975,24.159
0,inc,32,0053231,25.483
0,inc,32,0059064,26.007
0,inc,32,0065536,26.475
0,inc,32,0072716,27.031
0,inc,32,0080684,27.556
0,inc,32,0089524,28.055
0,inc,32,0099334,28.349
0,inc,32,0110217,28.604
0,inc,32,0122294,28.906
0,inc,32,0135694,29.188
0,inc,32,0150562,29.373
0,inc,32,0167059,29.569
0,inc,32,0185363,29.752
0,inc,32,0205674,29.902
0,inc,32,0228209,30.023
0,inc,32,0253214,30.120
0,inc,32,0280958,30.232
0,inc,32,0311743,30.418
0,inc,32,0345901,30.460
0,inc,32,0383801,30.520
0,inc,32,0425854,30.780
0,inc,32,0472514,32.463
0,inc,32,0524288,37.509
0,inc,64,0001024,19.943
0,inc,64,0001136,19.568
0,inc,64,0001260,19.242
0,inc,64,0001398,19.310
0,inc,64,0001552,19.353
0,inc,64,0001722,19.221
0,inc,64,0001910,19.355
0,inc,64,0002120,19.313
0,inc,64,0002352,19.410
0,inc,64,0002610,19.285
0,inc,64,0002896,19.272
0,inc,64,0003213,19.279
0,inc,64,0003565,19.266
0,inc,64,0003956,19.279
0,inc,64,0004389,19.395
0,inc,64,0004870,19.272
0,inc,64,0005404,19.265
0,inc,64,0005996,19.344
0,inc,64,0006653,19.271
0,inc,64,0007383,19.260
0,inc,64,0008192,19.273
0,inc,64,0009089,19.314
0,inc,64,0010085,19.304
0,inc,64,0011190,19.826
0,inc,64,0012416,19.307
0,inc,64,0013777,19.263
0,inc,64,0015286,19.319
0,inc,64,0016961,19.303
0,inc,64,0018820,19.427
0,inc,64,0020882,19.319
0,inc,64,0023170,19.323
0,inc,64,0025709,19.573
0,inc,64,0028526,19.685
0,inc,64,0031651,20.194
0,inc,64,0035119,21.514
0,inc,64,0038967,22.660
0,inc,64,0043237,24.147
0,inc,64,0047975,25.705
0,inc,64,0053231,26.985
0,inc,64,0059064,27.483
0,inc,64,0065536,28.125
0,inc,64,0072716,28.706
0,inc,64,0080684,29.200
0,inc,64,0089524,29.521
0,inc,64,0099334,29.832
0,inc,64,0110217,30.072
0,inc,64,0122294,30.274
0,inc,64,0135694,30.330
0,inc,64,0150562,30.527
0,inc,64,0167059,30.608
0,inc,64,0185363,30.660
0,inc,64,0205674,30.789
0,inc,64,0228209,30.790
0,inc,64,0253214,30.873
0,inc,64,0280958,30.842
0,inc,64,0311743,30.858
0,inc,64,0345901,31.245
0,inc,64,0383801,30.950
0,inc,64,0425854,31.108
0,inc,64,0472514,32.002
0,inc,64,0524288,38.476
0,addnext,8,0001024,26.444
0,addnext,8,0001136,25.868
0,addnext,8,0001260,25.504
0,addnext,8,0001398,25.174
0,addnext,8,0001552,25.156
0,addnext,8,0001722,25.207
0,addnext,8,0001910,25.104
0,addnext,8,0002120,25.165
0,addnext,8,0002352,25.152
0,addnext,8,0002610,27.397
0,addnext,8,0002896,25.137
0,addnext,8,0003213,27.035
0,addnext,8,0003565,25.135
0,addnext,8,0003956,25.131
0,addnext,8,0004389,25.173
0,addnext,8,0004870,25.110
0,addnext,8,0005404,25.106
0,addnext,8,0005996,25.122
0,addnext,8,0006653,25.120
0,addnext,8,0007383,25.118
0,addnext,8,0008192,25.115
0,addnext,8,0009089,25.402
0,addnext,8,0010085,25.204
0,addnext,8,0011190,25.280
0,addnext,8,0012416,25.112
0,addnext,8,0013777,25.177
0,addnext,8,0015286,25.130
0,addnext,8,0016961,25.166
0,addnext,8,0018820,25.417
0,addnext,8,0020882,25.219
0,addnext,8,0023170,25.229
0,addnext,8,0025709,25.293
0,addnext,8,0028526,25.740
0,addnext,8,0031651,25.907
0,addnext,8,0035119,26.116
0,addnext,8,0038967,27.328
0,addnext,8,0043237,28.280
0,addnext,8,0047975,29.344
0,addnext,8,0053231,30.066
0,addnext,8,0059064,30.683
0,addnext,8,0065536,31.436
0,addnext,8,0072716,32.024
0,addnext,8,0080684,32.574
0,addnext,8,0089524,33.038
0,addnext,8,0099334,33.416
0,addnext,8,0110217,33.718
0,addnext,8,0122294,34.139
0,addnext,8,0135694,34.373
0,addnext,8,0150562,34.652
0,addnext,8,0167059,34.900
0,addnext,8,0185363,35.096
0,addnext,8,0205674,35.283
0,addnext,8,0228209,35.469
0,addnext,8,0253214,35.596
0,addnext,8,0280958,35.876
0,addnext,8,0311743,35.897
0,addnext,8,0345901,36.024
0,addnext,8,0383801,36.254
0,addnext,8,0425854,36.362
0,addnext,8,0472514,37.481
0,addnext,8,0524288,42.469
0,addnext,16,0001024,25.350
0,addnext,16,0001136,25.212
0,addnext,16,0001260,25.194
0,addnext,16,0001398,25.185
0,addnext,16,0001552,25.186
0,addnext,16,0001722,25.156
0,addnext,16,0001910,25.175
0,addnext,16,0002120,25.256
0,addnext,16,0002352,25.220
0,addnext,16,0002610,25.132
0,addnext,16,0002896,25.143
0,addnext,16,0003213,25.179
0,addnext,16,0003565,25.126
0,addnext,16,0003956,25.111
0,addnext,16,0004389,25.130
0,addnext,16,0004870,25.123
0,addnext,16,0005404,25.187
0,addnext,16,0005996,25.139
0,addnext,16,0006653,25.963
0,addnext,16,0007383,26.368
0,addnext,16,0008192,25.128
0,addnext,16,0009089,25.944
0,addnext,16,0010085,25.131
0,addnext,16,0011190,25.119
0,addnext,16,0012416,25.447
0,addnext,16,0013777,25.133
0,addnext,16,0015286,25.138
0,addnext,16,0016961,25.157
0,addnext,16,0018820,25.663
0,addnext,16,0020882,25.307
0,addnext,16,0023170,25.234
0,addnext,16,0025709,25.184
0,addnext,16,0028526,25.451
0,addnext,16,0031651,26.032
0,addnext,16,0035119,26.283
0,addnext,16,0038967,27.486
0,addnext,16,0043237,28.735
0,addnext,16,0047975,29.550
0,addnext,16,0053231,30.381
0,addnext,16,0059064,31.021
0,addnext,16,0065536,31.808
0,addnext,16,0072716,32.317
0,addnext,16,0080684,32.784
0,addnext,16,0089524,33.285
0,addnext,16,0099334,33.743
0,addnext,16,0110217,34.056
0,addnext,16,0122294,34.295
0,addnext,16,0135694,34.581
0,addnext,16,0150562,34.849
0,addnext,16,0167059,35.051
0,addnext,16,0185363,35.293
0,addnext,16,0205674,35.471
0,addnext,16,0228209,35.627
0,addnext,16,0253214,35.780
0,addnext,16,0280958,36.026
0,addnext,16,0311743,36.003
0,addnext,16,0345901,36.161
0,addnext,16,0383801,36.875
0,addnext,16,0425854,36.629
0,addnext,16,0472514,37.346
0,addnext,16,0524288,42.940
0,addnext,32,0001024,25.340
0,addnext,32,0001136,25.194
0,addnext,32,0001260,117.618
0,addnext,32,0001398,25.110
0,addnext,32,0001552,25.139
0,addnext,32,0001722,25.131
0,addnext,32,0001910,25.082
0,addnext,32,0002120,25.118
0,addnext,32,0002352,25.107
0,addnext,32,0002610,25.102
0,addnext,32,0002896,25.117
0,addnext,32,0003213,25.098
0,addnext,32,0003565,25.155
0,addnext,32,0003956,26.474
0,addnext,32,0004389,25.109
0,addnext,32,0004870,26.223
0,addnext,32,0005404,25.115
0,addnext,32,0005996,25.339
0,addnext,32,0006653,25.217
0,addnext,32,0007383,25.088
0,addnext,32,0008192,25.098
0,addnext,32,0009089,25.111
0,addnext,32,0010085,25.245
0,addnext,32,0011190,39.995
0,addnext,32,0012416,25.159
0,addnext,32,0013777,25.056
0,addnext,32,0015286,25.272
0,addnext,32,0016961,25.076
0,addnext,32,0018820,25.284
0,addnext,32,0020882,25.090
0,addnext,32,0023170,25.413
0,addnext,32,0025709,25.586
0,addnext,32,0028526,25.592
0,addnext,32,0031651,27.486
0,addnext,32,0035119,26.914
0,addnext,32,0038967,28.830
0,addnext,32,0043237,29.107
0,addnext,32,0047975,29.993
0,addnext,32,0053231,30.750
0,addnext,32,0059064,31.565
0,addnext,32,0065536,32.163
0,addnext,32,0072716,32.851
0,addnext,32,0080684,33.232
0,addnext,32,0089524,33.736
0,addnext,32,0099334,34.072
0,addnext,32,0110217,34.462
0,addnext,32,0122294,34.676
0,addnext,32,0135694,34.944
0,addnext,32,0150562,35.142
0,addnext,32,0167059,35.311
0,addnext,32,0185363,35.508
0,addnext,32,0205674,35.852
0,addnext,32,0228209,35.763
0,addnext,32,0253214,35.841
0,addnext,32,0280958,36.469
0,addnext,32,0311743,36.152
0,addnext,32,0345901,36.287
0,addnext,32,0383801,38.449
0,addnext,32,0425854,46.160
0,addnext,32,0472514,53.340
0,addnext,32,0524288,65.743
0,addnext,64,0001024,25.442
0,addnext,64,0001136,25.152
0,addnext,64,0001260,25.070
0,addnext,64,0001398,25.062
0,addnext,64,0001552,25.062
0,addnext,64,0001722,25.059
0,addnext,64,0001910,25.047
0,addnext,64,0002120,25.052
0,addnext,64,0002352,25.043
0,addnext,64,0002610,25.038
0,addnext,64,0002896,25.036
0,addnext,64,0003213,25.032
0,addnext,64,0003565,25.035
0,addnext,64,0003956,25.027
0,addnext,64,0004389,25.025
0,addnext,64,0004870,25.027
0,addnext,64,0005404,25.025
0,addnext,64,0005996,25.028
0,addnext,64,0006653,27.082
0,addnext,64,0007383,25.020
0,addnext,64,0008192,25.021
0,addnext,64,0009089,25.019
0,addnext,64,0010085,25.023
0,addnext,64,0011190,25.023
0,addnext,64,0012416,25.020
0,addnext,64,0013777,25.356
0,addnext,64,0015286,25.242
0,addnext,64,0016961,25.059
0,addnext,64,0018820,25.062
0,addnext,64,0020882,25.143
0,addnext,64,0023170,25.265
0,addnext,64,0025709,25.115
0,addnext,64,0028526,25.239
0,addnext,64,0031651,26.012
0,addnext,64,0035119,27.448
0,addnext,64,0038967,28.808
0,addnext,64,0043237,29.864
0,addnext,64,0047975,31.237
0,addnext,64,0053231,32.505
0,addnext,64,0059064,33.183
0,addnext,64,0065536,33.890
0,addnext,64,0072716,34.649
0,addnext,64,0080684,34.951
0,addnext,64,0089524,35.411
0,addnext,64,0099334,35.577
0,addnext,64,0110217,36.182
0,addnext,64,0122294,36.007
0,addnext,64,0135694,36.118
0,addnext,64,0150562,36.277
0,addnext,64,0167059,36.426
0,addnext,64,0185363,36.469
0,addnext,64,0205674,36.626
0,addnext,64,0228209,36.507
0,addnext,64,0253214,36.583
0,addnext,64,0280958,37.020
0,addnext,64,0311743,36.724
0,addnext,64,0345901,37.449
0,addnext,64,0383801,41.376
0,addnext,64,0425854,52.352
0,addnext,64,0472514,49.699
0,addnext,64,0524288,64.540
